Name,Brand,SKU,MPN,base_price,MSRP,Image
"AGA 36"" Rangehood, Stainless Steel",Aga,AMCHD36SS,AMCHD36SS,3849.00,4229.0,https://images.webfronts.com/cache/frhyrpokxsod.png?imgeng=/w_1920/h_1920/m_letterbox_ffffff_100
"AGA 44"" Rangehood, Stainless Steel",Aga,AMCHD44SS,AMCHD44SS,4149.00,4559.0,https://images.webfronts.com/cache/frfjhiemlphm.png?imgeng=/w_1920/h_1920/m_letterbox_ffffff_100
"Aga ELISE INDUCTION RANGETOP 36 INDUCTION RANGETOP, Stainless Steel",Aga,AEL361INRTSS,AEL361INRTSS,4969.00,5709.0,https://images.webfronts.com/cache/frslngvjhkvo.png?imgeng=/w_1920/h_1920/m_letterbox_ffffff_100/cmpr_99
"Aga MERCURY INDUCTION RANGETOP 48"" INDUCTION RANGETOP, Stainless Steel",Aga,AMC48INRTSS,AMC48INRTSS,5829.00,6699.0,https://images.webfronts.com/cache/frhomobcxmkk.png?imgeng=/w_1920/h_1920/m_letterbox_ffffff_100/cmpr_99
"Aga MERCURY 36"" Dual Fuel Model, Stainless Steel",Aga,AMC36DFSS,AMC36DFSS,5889.00,6479.0,https://images.webfronts.com/cache/frttzuwkwgsj.jpg?imgeng=/w_1920/h_1920/m_letterbox_ffffff_100/cmpr_99
"Aga ELISE 36"" 36 Dual Fuel, Stainless Steel",Aga,AEL361DFSS,AEL361DFSS,6669.00,7329.0,https://images.webfronts.com/cache/frexnugwiuns.jpg?imgeng=/w_1920/h_1920/m_letterbox_ffffff_100/cmpr_99
"36"" AGA Loge Hood, Stainless Steel And Brushed Brass Trim",Aga,AH3630LGESSBB,AH3630LGESSBB,7199.00,7919.0,https://images.webfronts.com/cache/frmgbmzmcatx.jpg?imgeng=/w_1920/h_1920/m_letterbox_ffffff_100
"AGA Mercury 36"" French Door Refrigerator, Stainless Steel",Aga,MMCFDR23SS,MMCFDR23SS,7249.00,7969.0,https://images.webfronts.com/cache/frxxmtwyxvle.png?imgeng=/w_1920/h_1920/m_letterbox_ffffff_100/cmpr_99
"36"" AGA Loge Hood, Stainless Steel And Polished Chrome Trim",Aga,AH3630LGESSPC,AH3630LGESSPC,7289.00,8019.0,https://images.webfronts.com/cache/frmgbmzmcatx.jpg?imgeng=/w_1920/h_1920/m_letterbox_ffffff_100
"36"" AGA Loge Hood, Stainless Steel And Antique Brass Trim",Aga,AH3630LGESSAB,AH3630LGESSAB,7349.00,8089.0,https://images.webfronts.com/cache/frmgbmzmcatx.jpg?imgeng=/w_1920/h_1920/m_letterbox_ffffff_100
"36"" AGA Loge Hood, Stainless Steel And Polished Brass Trim",Aga,AH3630LGESSPB,AH3630LGESSPB,7349.00,8089.0,https://images.webfronts.com/cache/frmgbmzmcatx.jpg?imgeng=/w_1920/h_1920/m_letterbox_ffffff_100
"36"" AGA Marquee Hood, Stainless Steel And Brushed Nickel Trim",Aga,AH3630MRQSSBN,AH3630MRQSSBN,7399.00,8139.0,https://images.webfronts.com/cache/frhpgxluklcx.jpg?imgeng=/w_1920/h_1920/m_letterbox_ffffff_100/cmpr_99
"48"" AGA Loge Hood, Stainless Steel And Brushed Nickel Trim",Aga,AH4830LGESSBN,AH4830LGESSBN,7709.00,8479.0,https://images.webfronts.com/cache/frmgbmzmcatx.jpg?imgeng=/w_1920/h_1920/m_letterbox_ffffff_100
"36"" AGA Cascade Hood, Stainless Steel And Brushed Nickel Trim",Aga,AH3630CACSSBN,AH3630CACSSBN,7739.00,8519.0,https://images.webfronts.com/cache/frdidyizcxta.jpg?imgeng=/w_1920/h_1920/m_letterbox_ffffff_100
"Aga ELISE 36"" Induction, Stainless Steel",Aga,AEL361INSS,AEL361INSS,7739.00,8509.0,https://images.webfronts.com/cache/frvisnqqinfr.jpg?imgeng=/w_1920/h_1920/m_letterbox_ffffff_100/cmpr_99
"48"" AGA Loge Hood, Stainless Steel And Brushed Brass Trim",Aga,AH4830LGESSBB,AH4830LGESSBB,7789.00,8569.0,https://images.webfronts.com/cache/frmgbmzmcatx.jpg?imgeng=/w_1920/h_1920/m_letterbox_ffffff_100
"48"" AGA Loge Hood, Stainless Steel And Polished Chrome Trim",Aga,AH4830LGESSPC,AH4830LGESSPC,7879.00,8669.0,https://images.webfronts.com/cache/frmgbmzmcatx.jpg?imgeng=/w_1920/h_1920/m_letterbox_ffffff_100
"48"" AGA Loge Hood, Stainless Steel And Polished Brass Trim",Aga,AH4830LGESSPB,AH4830LGESSPB,7939.00,8739.0,https://images.webfronts.com/cache/frmgbmzmcatx.jpg?imgeng=/w_1920/h_1920/m_letterbox_ffffff_100
"AGA 36"" Rangehood, Stainless Steel",Aga,AMCHD36SS,AMCHD36SS,3849.00,4229.0,https://images.webfronts.com/cache/frhyrpokxsod.png?imgeng=/w_1920/h_1920/m_letterbox_ffffff_100
"AGA 44"" Rangehood, Stainless Steel",Aga,AMCHD44SS,AMCHD44SS,4149.00,4559.0,https://images.webfronts.com/cache/frfjhiemlphm.png?imgeng=/w_1920/h_1920/m_letterbox_ffffff_100
"Aga MERCURY INDUCTION RANGETOP 36"" INDUCTION RANGETOP, Stainless Steel",Aga,AMC36INRTSS,AMC36INRTSS,4869.00,5599.0,https://images.webfronts.com/cache/frtedayqlxvx.png?imgeng=/w_1920/h_1920/m_letterbox_ffffff_100
"Aga ELISE INDUCTION RANGETOP 36 INDUCTION RANGETOP, Stainless Steel",Aga,AEL361INRTSS,AEL361INRTSS,4969.00,5709.0,https://images.webfronts.com/cache/frslngvjhkvo.png?imgeng=/w_1920/h_1920/m_letterbox_ffffff_100
"Aga MERCURY INDUCTION RANGETOP 48"" INDUCTION RANGETOP, Stainless Steel",Aga,AMC48INRTSS,AMC48INRTSS,5829.00,6699.0,https://images.webfronts.com/cache/frhomobcxmkk.png?imgeng=/w_1920/h_1920/m_letterbox_ffffff_100
"Aga ELISE INDUCTION RANGETOP 48"" INDUCTION RANGETOP, Stainless Steel",Aga,AEL481INRTSS,AEL481INRTSS,5859.00,6739.0,https://images.webfronts.com/cache/frftnlphrhmm.png?imgeng=/w_1920/h_1920/m_letterbox_ffffff_100
"Aga MERCURY 36"" Dual Fuel Model, Stainless Steel",Aga,AMC36DFSS,AMC36DFSS,5889.00,6479.0,https://images.webfronts.com/cache/frttzuwkwgsj.jpg?imgeng=/w_1920/h_1920/m_letterbox_ffffff_100
"Aga ELISE 36"" 36 Dual Fuel, Stainless Steel",Aga,AEL361DFSS,AEL361DFSS,6669.00,7329.0,https://images.webfronts.com/cache/frexnugwiuns.jpg?imgeng=/w_1920/h_1920/m_letterbox_ffffff_100
"Aga MERCURY 36"" Induction Model, Stainless Steel",Aga,AMC36INSS,AMC36INSS,7049.00,7749.0,https://images.webfronts.com/cache/frjeewlwlply.jpg?imgeng=/w_1920/h_1920/m_letterbox_ffffff_100
"36"" AGA Loge Hood, Stainless Steel And Brushed Nickel Trim",Aga,AH3630LGESSBN,AH3630LGESSBN,7119.00,7839.0,https://images.webfronts.com/cache/frmgbmzmcatx.jpg?imgeng=/w_1920/h_1920/m_letterbox_ffffff_100
"36"" AGA Loge Hood, Stainless Steel And Brushed Brass Trim",Aga,AH3630LGESSBB,AH3630LGESSBB,7199.00,7919.0,https://images.webfronts.com/cache/frmgbmzmcatx.jpg?imgeng=/w_1920/h_1920/m_letterbox_ffffff_100
"AGA Elise 36"" French Door Refrigerator, Stainless Steel",Aga,MELFDR23SS,MELFDR23SS,7249.00,7969.0,https://images.webfronts.com/cache/frmfjgouygel.png?imgeng=/w_1920/h_1920/m_letterbox_ffffff_100
"AGA Mercury 36"" French Door Refrigerator, Stainless Steel",Aga,MMCFDR23SS,MMCFDR23SS,7249.00,7969.0,https://images.webfronts.com/cache/frxxmtwyxvle.png?imgeng=/w_1920/h_1920/m_letterbox_ffffff_100
"36"" AGA Loge Hood, Stainless Steel And Polished Chrome Trim",Aga,AH3630LGESSPC,AH3630LGESSPC,7289.00,8019.0,https://images.webfronts.com/cache/frmgbmzmcatx.jpg?imgeng=/w_1920/h_1920/m_letterbox_ffffff_100
"36"" AGA Loge Hood, Stainless Steel And Polished Brass Trim",Aga,AH3630LGESSPB,AH3630LGESSPB,7349.00,8089.0,https://images.webfronts.com/cache/frmgbmzmcatx.jpg?imgeng=/w_1920/h_1920/m_letterbox_ffffff_100
"36"" AGA Marquee Hood, Stainless Steel And Brushed Nickel Trim",Aga,AH3630MRQSSBN,AH3630MRQSSBN,7399.00,8139.0,https://images.webfronts.com/cache/frhpgxluklcx.jpg?imgeng=/w_1920/h_1920/m_letterbox_ffffff_100
"36"" AGA Euclid Hood, Stainless Steel And Brushed Nickel Trim",Aga,AH3630EUCSSBN,AH3630EUCSSBN,7469.00,8219.0,https://images.webfronts.com/cache/frnoztgvbbkc.jpg?imgeng=/w_1920/h_1920/m_letterbox_ffffff_100
"48"" AGA Loge Hood, Stainless Steel And Brushed Nickel Trim",Aga,AH4830LGESSBN,AH4830LGESSBN,7709.00,8479.0,https://images.webfronts.com/cache/frmgbmzmcatx.jpg?imgeng=/w_1920/h_1920/m_letterbox_ffffff_100
"36"" AGA Cascade Hood, Stainless Steel And Brushed Nickel Trim",Aga,AH3630CACSSBN,AH3630CACSSBN,7739.00,8519.0,https://images.webfronts.com/cache/frdidyizcxta.jpg?imgeng=/w_1920/h_1920/m_letterbox_ffffff_100
"Aga ELISE 36"" Induction, Stainless Steel",Aga,AEL361INSS,AEL361INSS,7739.00,8509.0,https://images.webfronts.com/cache/frvisnqqinfr.jpg?imgeng=/w_1920/h_1920/m_letterbox_ffffff_100
"48"" AGA Loge Hood, Stainless Steel And Brushed Brass Trim",Aga,AH4830LGESSBB,AH4830LGESSBB,7789.00,8569.0,https://images.webfronts.com/cache/frmgbmzmcatx.jpg?imgeng=/w_1920/h_1920/m_letterbox_ffffff_100
"48"" AGA Loge Hood, Stainless Steel And Polished Chrome Trim",Aga,AH4830LGESSPC,AH4830LGESSPC,7879.00,8669.0,https://images.webfronts.com/cache/frmgbmzmcatx.jpg?imgeng=/w_1920/h_1920/m_letterbox_ffffff_100
"48"" AGA Loge Hood, Stainless Steel And Polished Brass Trim",Aga,AH4830LGESSPB,AH4830LGESSPB,7939.00,8739.0,https://images.webfronts.com/cache/frmgbmzmcatx.jpg?imgeng=/w_1920/h_1920/m_letterbox_ffffff_100
"48"" AGA Loge Hood, Stainless Steel And Antique Brass Trim",Aga,AH4830LGESSAB,AH4830LGESSAB,7939.00,8739.0,https://images.webfronts.com/cache/frmgbmzmcatx.jpg?imgeng=/w_1920/h_1920/m_letterbox_ffffff_100
"36"" AGA Marquee Hood, Stainless Steel And Polished Chrome Trim",Aga,AH3630MRQSSPC,AH3630MRQSSPC,7989.00,8789.0,https://images.webfronts.com/cache/frhpgxluklcx.jpg?imgeng=/w_1920/h_1920/m_letterbox_ffffff_100/cmpr_99
"36"" AGA Euclid Hood, Stainless Steel And Polished Chrome Trim",Aga,AH3630EUCSSPC,AH3630EUCSSPC,8049.00,8859.0,https://images.webfronts.com/cache/frnoztgvbbkc.jpg?imgeng=/w_1920/h_1920/m_letterbox_ffffff_100
"48"" AGA Marquee Hood, Stainless Steel And Brushed Nickel Trim",Aga,AH4830MRQSSBN,AH4830MRQSSBN,8089.00,8899.0,https://images.webfronts.com/cache/frhpgxluklcx.jpg?imgeng=/w_1920/h_1920/m_letterbox_ffffff_100
"48"" AGA Euclid Hood, Stainless Steel And Brushed Nickel Trim",Aga,AH4830EUCSSBN,AH4830EUCSSBN,8169.00,8989.0,https://images.webfronts.com/cache/frnoztgvbbkc.jpg?imgeng=/w_1920/h_1920/m_letterbox_ffffff_100
"36"" AGA Marquee Hood, Stainless Steel And Brushed Brass Trim",Aga,AH3630MRQSSBB,AH3630MRQSSBB,8419.00,9269.0,https://images.webfronts.com/cache/frhpgxluklcx.jpg?imgeng=/w_1920/h_1920/m_letterbox_ffffff_100
"Aga MERCURY 48"" Dual Fuel Model, Stainless Steel",Aga,AMC48DFSS,AMC48DFSS,8449.00,9289.0,https://images.webfronts.com/cache/frbmyfmmnqrc.jpg?imgeng=/w_1920/h_1920/m_letterbox_ffffff_100
"36"" AGA Euclid Hood, Stainless Steel And Brushed Brass Trim",Aga,AH3630EUCSSBB,AH3630EUCSSBB,8489.00,9339.0,https://images.webfronts.com/cache/frnoztgvbbkc.jpg?imgeng=/w_1920/h_1920/m_letterbox_ffffff_100
"48"" AGA Cascade Hood, Stainless Steel And Brushed Nickel Trim",Aga,AH4830CACSSBN,AH4830CACSSBN,8799.00,9679.0,https://images.webfronts.com/cache/frdidyizcxta.jpg?imgeng=/w_1920/h_1920/m_letterbox_ffffff_100
"48"" AGA Marquee Hood, Stainless Steel And Polished Chrome Trim",Aga,AH4830MRQSSPC,AH4830MRQSSPC,8809.00,9689.0,https://images.webfronts.com/cache/frhpgxluklcx.jpg?imgeng=/w_1920/h_1920/m_letterbox_ffffff_100
"36"" AGA Cascade Hood, Stainless Steel And Polished Chrome Trim",Aga,AH3630CACSSPC,AH3630CACSSPC,8899.00,9789.0,https://images.webfronts.com/cache/frdidyizcxta.jpg?imgeng=/w_1920/h_1920/m_letterbox_ffffff_100
